{
    "Changes": [
        {
            "Action": "EditData",
            "Target": "Data/Machines",
            "TargetField": [
                "(BC)20",
                "OutputRules"
            ],
            "Entries": {
                "369": {
                    "Id": "369",
                    "Triggers": [
                        {
                            "Trigger": "ItemPlacedInMachine",
                            "RequiredItemId": "(O)pigeonManure",
                            "RequiredCount": 3
                        }
                    ],
                    "OutputItem": [
                        {
                            "Id": "(O)369",
                            "ItemId": "(O)369"
                        }
                    ],
                    "MinutesUntilReady": 180
                }
            }
        }
    ]
}